{"name":{"0":"Baltimore","1":"Barrangou","2":"Charpentier","3":"Doudna","4":"Horvath","5":"He Jiankui","6":"Yang","7":"Zhang","8":"\u0160ik\u0161nys"},"prominence":{"0":1.0,"1":1.0,"2":3.7939698492,"3":3.7939698492,"4":1.0,"5":1.0,"6":2.0,"7":2.0,"8":2.0},"controversiality":{"0":0,"1":0,"2":0,"3":0,"4":0,"5":0,"6":0,"7":0,"8":0},"endurance":{"0":1.0,"1":1.0,"2":1.0,"3":1.0,"4":1.0,"5":1.0,"6":1.0,"7":1.0,"8":0.0904522613},"age":{"0":1.0,"1":1.0,"2":1.0,"3":1.0,"4":1.0,"5":1.0,"6":1.0,"7":1.0,"8":0.0904522613}}