{"name":{"0":"Baltimore","1":"Barrangou","2":"Bellen","3":"Bolotin","4":"Brouns","5":"Burt","6":"Charpentier","7":"Church","8":"DiCarlo","9":"Doudna","10":"Gao","11":"Gasiunas","12":"Gootenberg","13":"Haft","14":"Horvath","15":"Ishino","16":"Jansen","17":"He","18":"Jinek","19":"Kawamura","20":"Koonin","21":"Liang","22":"Liao","23":"Marraffini","24":"Moineau","25":"Mojica","26":"Mulepati","27":"Myhrvold","28":"Nishimasu","29":"Overbeek","30":"Schaefer","31":"Shibata","32":"Sinclair","33":"Sontheimer","34":"Sternberg","35":"Tang","36":"Van der Oost","37":"Vergnaud","38":"Wilmut","39":"Xu","40":"Yang","41":"Yin","42":"Zhang","43":"\u0160ik\u0161nys"},"prominence":{"0":0.7596685083,"1":1.245212766,"2":0.1348017621,"3":0.1228448276,"4":1.0,"5":0.4481065919,"6":1.8329787234,"7":0.6952631579,"8":0.0038910506,"9":1.8712765957,"10":0.3043234138,"11":1.0,"12":0.0147058824,"13":0.0167597765,"14":1.245212766,"15":1.0682261209,"16":2.1787521079,"17":0.237037037,"18":0.514893617,"19":0.0106508876,"20":1.7787234043,"21":0.9986486486,"22":0.0033840948,"23":1.0,"24":0.3192804947,"25":4.0387652548,"26":0.0213740458,"27":0.0294117647,"28":0.0239130435,"29":0.1812816189,"30":0.0020576132,"31":0.0239130435,"32":0.0089641434,"33":1.0,"34":0.0029239766,"35":0.9776536313,"36":1.0,"37":0.1228448276,"38":0.2462077013,"39":0.9986486486,"40":1.3759541985,"41":0.0033840948,"42":1.2218045113,"43":1.1364829396},"controversiality":{"0":3.0,"1":1.5,"2":4.0,"3":1.0,"4":0.0,"5":4.0,"6":4.0,"7":1.0,"8":1.0,"9":5.45,"10":1.0,"11":0.0,"12":1.0,"13":4.0,"14":1.5,"15":2.5,"16":1.6666666667,"17":4.5,"18":1.0,"19":1.0,"20":0.3333333333,"21":1.0,"22":1.0,"23":0.0,"24":3.0,"25":1.8666666667,"26":1.0,"27":1.0,"28":1.0,"29":1.0,"30":1.0,"31":1.0,"32":3.0,"33":0.0,"34":1.0,"35":4.0,"36":0.0,"37":1.0,"38":1.0,"39":1.0,"40":1.0,"41":1.0,"42":8.1666666667,"43":0.5},"endurance":{"0":0.5319148936,"1":0.9090909091,"2":0.0739845261,"3":0.082688588,"4":0.586073501,"5":0.3089941973,"6":0.9090909091,"7":0.6387814313,"8":0.001450677,"9":0.9090909091,"10":0.1310444874,"11":0.5527079304,"12":0.001450677,"13":0.002417795,"14":0.9090909091,"15":0.7432301741,"16":0.5735009671,"17":0.0382011605,"18":0.2393617021,"19":0.0043520309,"20":0.9090909091,"21":0.3573500967,"22":0.000967118,"23":0.586073501,"24":0.2746615087,"25":0.6731141199,"26":0.0135396518,"27":0.001450677,"28":0.0053191489,"29":0.1039651838,"30":0.000483559,"31":0.0053191489,"32":0.0043520309,"33":0.586073501,"34":0.000483559,"35":0.253868472,"36":0.2978723404,"37":0.082688588,"38":0.1020309478,"39":0.3573500967,"40":0.3486460348,"41":0.000967118,"42":0.66344294,"43":0.5527079304},"age":{"0":0.7001934236,"1":0.9090909091,"2":0.5488394584,"3":0.6731141199,"4":0.586073501,"5":0.6895551257,"6":0.9090909091,"7":0.918762089,"8":0.3728239845,"9":0.9090909091,"10":0.8612185687,"11":0.5527079304,"12":0.0986460348,"13":0.2596711799,"14":0.9090909091,"15":0.7441972921,"16":0.5735009671,"17":0.1958413926,"18":0.9090909091,"19":0.4086073501,"20":0.9090909091,"21":0.3578336557,"22":0.2857833656,"23":0.586073501,"24":0.8602514507,"25":0.6735976789,"26":0.6334622824,"27":0.0986460348,"28":0.2224371373,"29":0.5735009671,"30":0.2350096712,"31":0.2224371373,"32":0.4854932302,"33":0.586073501,"34":0.165377176,"35":0.2596711799,"36":0.2978723404,"37":0.6731141199,"38":0.414410058,"39":0.3578336557,"40":0.5067698259,"41":0.2857833656,"42":0.9003868472,"43":0.5527079304}}
