{"name":{"0":"Baltimore","1":"Barrangou","2":"Bellen","3":"Bolotin","4":"Brouns","5":"Burt","6":"Charpentier","7":"Church","8":"DiCarlo","9":"Doudna","10":"Gao","11":"Gasiunas","12":"Gootenberg","13":"Haft","14":"Horvath","15":"Ishino","16":"Jansen","17":"He","18":"Jinek","19":"Koonin","20":"Liang","21":"Marraffini","22":"Moineau","23":"Mojica","24":"Mulepati","25":"Myhrvold","26":"Sontheimer","27":"Sternberg","28":"Tang","29":"Van der Oost","30":"Vergnaud","31":"Xu","32":"Yang","33":"Yin","34":"Zhang","35":"\u0160ik\u0161nys"},"prominence":{"0":0.7596685083,"1":1.245212766,"2":0.1348017621,"3":0.1228448276,"4":1.0,"5":0.4481065919,"6":1.8329787234,"7":0.6952631579,"8":0.0038910506,"9":1.8712765957,"10":0.3043234138,"11":1.0,"12":0.0147058824,"13":0.0167597765,"14":1.245212766,"15":1.0682261209,"16":2.1787521079,"17":0.237037037,"18":0.514893617,"19":1.7787234043,"20":0.9986486486,"21":1.0,"22":0.3192804947,"23":4.0387652548,"24":0.0213740458,"25":0.0294117647,"26":1.0,"27":0.0029239766,"28":0.9776536313,"29":1.0,"30":0.1228448276,"31":0.9986486486,"32":1.3759541985,"33":0.0033840948,"34":1.2218045113,"35":1.1364829396},"controversiality":{"0":3.0,"1":1.5,"2":4.0,"3":1.0,"4":0.0,"5":4.0,"6":4.0,"7":1.0,"8":1.0,"9":5.45,"10":1.0,"11":0.0,"12":1.0,"13":4.0,"14":1.5,"15":2.5,"16":1.6666666667,"17":4.5,"18":1.0,"19":0.3333333333,"20":1.0,"21":0.0,"22":3.0,"23":1.8666666667,"24":1.0,"25":1.0,"26":0.0,"27":1.0,"28":4.0,"29":0.0,"30":1.0,"31":1.0,"32":1.0,"33":1.0,"34":8.1666666667,"35":0.5},"endurance":{"0":0.5319148936,"1":0.9090909091,"2":0.0739845261,"3":0.082688588,"4":0.586073501,"5":0.3089941973,"6":0.9090909091,"7":0.6387814313,"8":0.001450677,"9":0.9090909091,"10":0.1310444874,"11":0.5527079304,"12":0.001450677,"13":0.002417795,"14":0.9090909091,"15":0.7432301741,"16":0.5735009671,"17":0.0382011605,"18":0.2393617021,"19":0.9090909091,"20":0.3573500967,"21":0.586073501,"22":0.2746615087,"23":0.6731141199,"24":0.0135396518,"25":0.001450677,"26":0.586073501,"27":0.000483559,"28":0.253868472,"29":0.2978723404,"30":0.082688588,"31":0.3573500967,"32":0.3486460348,"33":0.000967118,"34":0.66344294,"35":0.5527079304},"age":{"0":0.7001934236,"1":0.9090909091,"2":0.5488394584,"3":0.6731141199,"4":0.586073501,"5":0.6895551257,"6":0.9090909091,"7":0.918762089,"8":0.3728239845,"9":0.9090909091,"10":0.8612185687,"11":0.5527079304,"12":0.0986460348,"13":0.2596711799,"14":0.9090909091,"15":0.7441972921,"16":0.5735009671,"17":0.1958413926,"18":0.9090909091,"19":0.9090909091,"20":0.3578336557,"21":0.586073501,"22":0.8602514507,"23":0.6735976789,"24":0.6334622824,"25":0.0986460348,"26":0.586073501,"27":0.165377176,"28":0.2596711799,"29":0.2978723404,"30":0.6731141199,"31":0.3578336557,"32":0.5067698259,"33":0.2857833656,"34":0.9003868472,"35":0.5527079304},"age\/end":{"0":1.3163636364,"1":1.0,"2":7.4183006536,"3":8.1403508772,"4":1.0,"5":2.2316118936,"6":1.0,"7":1.4383043149,"8":257.0,"9":1.0,"10":6.5719557196,"11":1.0,"12":68.0,"13":107.4,"14":1.0,"15":1.0013012362,"16":1.0,"17":5.1265822785,"18":3.797979798,"19":1.0,"20":1.00135318,"21":1.0,"22":3.1320422535,"23":1.0007183908,"24":46.7857142857,"25":68.0,"26":1.0,"27":342.0,"28":1.0228571429,"29":1.0,"30":8.1403508772,"31":1.00135318,"32":1.4535367545,"33":295.5,"34":1.3571428571,"35":1.0}}